pH,Turbidity,Hardness,Sulfate,Chloramines,Conductivity,Potability,Disease,Location
5.87,28.58,141.6,339.62,5.72,375.54,1,Cholera,Pune
8.75,81.74,136.44,400.37,8.05,431.4,1,Cholera,Delhi
7.66,131.07,367.19,132.73,7.6,698.18,1,Diarrhea,Hyderabad
6.99,110.1,137.34,316.19,1.54,338.0,1,Hepatitis,Kolkata
4.78,121.18,145.18,290.16,1.49,708.75,1,Hepatitis,Hyderabad
4.78,99.16,315.79,418.09,2.68,161.69,1,Diarrhea,Lucknow
4.29,104.15,207.41,453.98,3.61,643.76,1,Dysentery,Jaipur
8.33,127.53,321.85,15.96,4.08,693.28,1,Cholera,Lucknow
7.01,38.2,72.88,340.27,6.8,227.27,1,Cholera,Hyderabad
7.54,73.92,220.65,35.4,0.57,401.24,0,Dysentery,Lucknow
4.1,33.96,61.76,278.94,0.35,215.85,1,Diarrhea,Pune
8.85,148.16,71.93,150.94,3.92,594.62,1,Dysentery,Jaipur
8.16,141.66,367.25,160.32,6.97,474.74,1,Hepatitis,Chennai
5.06,6.87,98.74,182.95,1.93,544.73,1,Typhoid,Bangalore
4.91,106.13,236.35,314.43,6.42,237.54,1,Hepatitis,Mumbai
4.92,138.86,193.88,173.68,2.6,248.22,1,Cholera,Bangalore
5.52,27.91,171.57,369.02,8.86,129.05,1,Diarrhea,Lucknow
6.62,85.62,364.94,208.22,8.96,325.45,1,Dysentery,Delhi
6.16,137.41,57.64,43.49,2.97,491.82,1,Hepatitis,Delhi
5.46,6.06,282.33,394.04,2.3,700.55,1,Dysentery,Bangalore
7.06,104.92,387.19,150.02,4.11,566.85,1,Hepatitis,Delhi
4.7,45.31,246.06,222.06,2.41,404.78,1,Cholera,Mumbai
5.46,138.74,377.89,345.87,6.72,767.18,1,Typhoid,Chennai
5.83,145.69,68.29,172.9,8.26,603.47,1,Dysentery,Hyderabad
6.28,141.7,196.58,37.73,6.73,751.12,1,Dysentery,Jaipur
7.93,71.66,141.06,193.22,8.24,469.31,1,Typhoid,Pune
5.0,129.44,305.79,472.78,3.97,281.23,1,Dysentery,Jaipur
6.57,126.84,393.45,324.45,1.56,136.98,1,Dysentery,Mumbai
6.96,48.55,139.79,339.02,7.38,608.26,1,Hepatitis,Bangalore
4.23,124.51,278.96,319.82,3.6,184.91,1,Hepatitis,Lucknow
7.04,6.51,119.33,107.51,6.71,311.94,1,Typhoid,Hyderabad
4.85,89.84,247.87,214.98,2.71,472.73,1,Cholera,Pune
4.33,35.27,212.38,377.96,0.81,495.09,1,Dysentery,Bangalore
8.74,18.96,390.2,59.67,9.93,520.41,1,Cholera,Ahmedabad
8.83,12.47,262.98,146.15,1.56,216.38,0,Hepatitis,Jaipur
8.04,104.75,172.33,145.4,9.88,365.82,1,Typhoid,Hyderabad
5.52,51.64,89.93,221.69,9.77,532.04,1,Hepatitis,Chennai
4.49,108.99,102.94,490.38,7.94,778.87,1,Dysentery,Ahmedabad
7.42,10.74,128.86,43.08,6.59,609.34,1,Diarrhea,Hyderabad
6.2,47.98,137.84,264.16,5.78,745.82,1,Typhoid,Ahmedabad
4.61,81.38,347.72,97.89,8.66,633.55,1,Dysentery,Chennai
6.48,118.82,246.43,485.63,2.89,514.2,1,Cholera,Delhi
4.17,48.49,233.19,65.52,4.68,234.42,1,Hepatitis,Bangalore
8.55,94.26,90.17,207.76,6.19,566.68,1,Cholera,Jaipur
5.29,133.01,351.05,371.56,4.11,536.37,1,Typhoid,Lucknow
7.31,92.76,302.99,355.23,4.27,521.73,0,Dysentery,Delhi
5.56,35.71,73.68,217.14,3.3,442.85,1,Cholera,Bangalore
6.6,4.64,297.74,179.8,5.64,470.06,1,Typhoid,Chennai
6.73,130.64,240.24,204.83,8.51,334.11,1,Dysentery,Hyderabad
4.92,4.17,78.6,139.5,2.02,463.52,1,Typhoid,Bangalore
8.85,131.33,210.41,110.61,9.34,238.29,1,Hepatitis,Hyderabad
7.88,79.81,219.64,246.69,6.89,663.62,1,Dysentery,Lucknow
8.7,140.92,108.02,141.58,8.23,230.04,1,Diarrhea,Mumbai
8.47,120.02,380.99,150.86,5.56,159.48,1,Typhoid,Hyderabad
6.99,149.69,347.49,331.81,7.8,405.37,1,Typhoid,Kolkata
8.61,53.26,284.16,484.58,0.16,560.82,0,Typhoid,Jaipur
4.44,115.31,211.8,305.78,8.18,406.4,1,Hepatitis,Ahmedabad
4.98,60.89,194.12,47.72,0.4,293.73,1,Cholera,Pune
4.23,72.5,277.84,47.04,8.9,490.72,1,Cholera,Hyderabad
5.63,94.5,240.9,476.2,9.92,342.9,1,Cholera,Delhi
5.94,131.18,71.8,155.67,2.94,753.01,1,Hepatitis,Hyderabad
5.36,147.63,229.38,55.11,2.1,745.85,1,Cholera,Bangalore
8.14,115.47,332.24,303.53,7.65,451.66,1,Cholera,Ahmedabad
5.78,63.25,210.73,315.59,2.53,329.52,1,Diarrhea,Hyderabad
5.4,63.78,68.18,327.77,8.66,615.99,1,Cholera,Ahmedabad
6.71,110.9,325.2,141.03,1.03,125.7,1,Typhoid,Hyderabad
4.7,36.58,120.48,17.4,1.26,432.34,1,Hepatitis,Ahmedabad
8.01,17.46,140.52,482.86,9.79,335.43,1,Dysentery,Chennai
4.37,53.84,107.65,132.94,6.74,744.38,1,Diarrhea,Hyderabad
8.93,43.8,165.58,341.25,8.47,108.4,1,Hepatitis,Chennai
7.86,45.15,314.86,356.25,3.24,486.97,0,Typhoid,Chennai
4.99,35.81,231.79,308.9,6.76,618.46,1,Typhoid,Jaipur
4.03,7.27,121.71,163.32,5.94,439.51,1,Cholera,Delhi
8.08,3.66,357.24,142.84,6.03,159.78,1,Typhoid,Delhi
7.53,148.17,357.85,302.86,6.83,780.72,1,Cholera,Hyderabad
7.65,64.74,354.7,434.39,5.75,462.61,1,Cholera,Mumbai
7.86,58.26,133.58,473.9,4.29,529.93,0,Dysentery,Kolkata
4.37,102.27,207.93,61.89,2.76,265.63,1,Cholera,Delhi
5.79,33.52,394.75,85.87,7.69,438.45,1,Diarrhea,Chennai
4.58,142.54,320.2,472.92,2.26,400.4,1,Diarrhea,Lucknow
8.32,118.17,59.51,370.9,6.92,152.43,1,Diarrhea,Pune
7.12,14.32,72.82,442.67,2.33,174.31,0,Cholera,Chennai
5.65,63.22,212.38,109.29,6.25,686.23,1,Typhoid,Delhi
4.32,131.99,368.23,297.92,7.47,267.87,1,Dysentery,Pune
5.55,141.77,238.55,353.56,2.19,236.47,1,Cholera,Ahmedabad
5.63,70.64,224.23,343.25,0.6,453.44,1,Dysentery,Chennai
7.65,92.4,86.92,209.99,1.31,638.12,0,Hepatitis,Jaipur
7.19,25.89,279.87,17.54,6.06,143.36,1,Typhoid,Kolkata
8.44,148.68,337.74,295.63,8.49,503.77,1,Hepatitis,Pune
6.36,35.52,183.15,134.02,0.45,183.45,0,Diarrhea,Mumbai
4.6,141.47,321.46,230.62,7.34,125.52,1,Diarrhea,Pune
7.57,97.8,387.57,479.21,3.41,136.92,0,Typhoid,Lucknow
7.8,91.55,121.32,205.53,4.79,683.91,0,Typhoid,Ahmedabad
6.81,77.39,233.17,421.5,9.29,182.58,1,Hepatitis,Ahmedabad
7.85,35.37,150.5,102.38,3.32,131.61,0,Hepatitis,Bangalore
6.47,27.3,327.5,339.51,4.65,406.53,0,Cholera,Pune
6.61,33.85,252.16,488.73,0.14,690.8,0,Cholera,Kolkata
6.14,28.78,272.1,59.93,0.82,283.69,0,Cholera,Pune
4.13,117.16,329.27,14.08,2.59,395.2,1,Diarrhea,Kolkata
4.54,53.17,188.59,222.46,0.28,127.95,1,Cholera,Ahmedabad
4.16,9.62,370.28,55.39,6.31,414.35,1,Hepatitis,Mumbai
7.18,145.4,236.56,376.71,4.26,504.33,1,Typhoid,Chennai
5.57,132.68,105.28,458.13,5.48,499.63,1,Diarrhea,Kolkata
6.54,139.24,293.56,222.67,1.75,332.7,1,Dysentery,Lucknow
8.54,149.24,327.64,136.77,2.96,320.87,1,Cholera,Delhi
5.25,26.91,160.87,222.86,6.64,174.64,1,Cholera,Bangalore
6.05,60.04,350.01,364.49,9.65,356.76,1,Diarrhea,Bangalore
7.78,113.98,367.15,14.44,0.5,169.65,1,Dysentery,Kolkata
5.14,104.71,146.92,298.83,8.9,636.62,1,Cholera,Hyderabad
4.38,23.93,394.23,310.51,5.77,776.39,1,Typhoid,Chennai
5.45,122.56,99.25,322.47,5.64,779.05,1,Cholera,Jaipur
4.81,34.44,120.71,128.59,5.0,705.55,1,Dysentery,Bangalore
8.65,34.35,114.48,359.89,0.69,520.55,0,Hepatitis,Hyderabad
8.04,81.01,362.9,54.78,0.9,590.61,0,Typhoid,Chennai
7.17,89.35,279.0,107.64,6.01,299.64,1,Diarrhea,Kolkata
8.36,87.43,103.24,439.96,3.41,541.54,0,Typhoid,Kolkata
8.02,14.63,204.11,371.97,9.17,418.95,1,Cholera,Delhi
4.93,131.74,265.35,16.74,4.07,437.41,1,Cholera,Kolkata
8.46,40.57,79.21,131.7,1.43,630.44,0,Typhoid,Bangalore
6.7,20.3,358.85,115.06,7.15,297.34,1,Hepatitis,Ahmedabad
8.04,133.42,331.26,142.7,2.93,322.63,1,Typhoid,Jaipur
8.48,143.39,226.82,131.3,5.25,747.25,1,Hepatitis,Lucknow
5.59,129.46,388.49,40.64,6.98,139.36,1,Typhoid,Bangalore
4.55,121.62,196.22,234.88,9.0,439.94,1,Cholera,Mumbai
5.14,98.63,394.44,369.04,7.92,738.96,1,Typhoid,Pune
6.14,83.08,283.77,307.3,6.76,527.25,1,Typhoid,Mumbai
8.09,13.96,272.13,339.71,6.8,482.48,1,Diarrhea,Lucknow
8.3,61.86,108.08,49.76,9.46,274.82,1,Hepatitis,Chennai
4.03,56.53,358.67,476.23,2.96,340.29,1,Typhoid,Hyderabad
6.55,39.7,199.62,420.86,0.01,696.43,0,Dysentery,Kolkata
6.09,108.79,106.78,404.49,2.72,491.45,1,Dysentery,Pune
5.11,74.89,54.41,413.26,2.18,460.32,1,Typhoid,Lucknow
4.6,13.08,245.91,467.03,6.62,169.71,1,Hepatitis,Kolkata
5.69,33.81,234.59,276.68,6.34,111.22,1,Diarrhea,Ahmedabad
8.71,102.81,301.77,108.14,5.93,774.58,1,Cholera,Pune
5.62,12.34,361.59,312.22,0.16,363.89,1,Diarrhea,Mumbai
6.59,127.83,77.79,374.01,7.29,522.25,1,Dysentery,Ahmedabad
7.52,74.78,306.02,371.58,3.24,155.8,0,Dysentery,Lucknow
5.82,72.61,115.59,265.51,6.65,578.18,1,Typhoid,Lucknow
8.86,89.27,350.36,43.54,5.57,752.8,1,Hepatitis,Mumbai
8.81,123.88,336.67,191.85,3.43,502.97,1,Typhoid,Pune
5.26,52.82,239.28,461.18,1.35,188.28,1,Cholera,Jaipur
6.49,102.02,298.58,296.38,0.94,507.21,1,Dysentery,Pune
5.5,85.29,160.02,273.78,8.32,636.44,1,Diarrhea,Kolkata
5.42,40.79,214.91,141.74,9.18,384.49,1,Dysentery,Chennai
4.18,131.92,337.57,190.54,6.5,715.89,1,Typhoid,Kolkata
7.05,119.82,210.74,448.72,1.03,554.08,1,Diarrhea,Lucknow
6.51,99.11,175.23,336.57,4.02,729.47,0,Hepatitis,Lucknow
4.26,127.74,222.97,395.82,7.29,536.45,1,Dysentery,Hyderabad
5.39,130.23,339.89,232.63,7.8,191.9,1,Diarrhea,Mumbai
8.54,106.55,167.32,318.82,1.18,316.78,1,Diarrhea,Bangalore
5.2,125.71,110.82,131.71,0.0,241.26,1,Diarrhea,Delhi
4.72,104.92,299.2,355.68,7.12,736.18,1,Cholera,Pune
6.45,102.34,339.09,219.52,3.57,632.28,1,Dysentery,Jaipur
8.93,93.17,85.22,226.85,2.54,573.48,0,Hepatitis,Kolkata
5.21,113.15,133.96,328.17,0.13,310.68,1,Dysentery,Kolkata
7.36,24.63,99.69,468.78,5.4,228.83,1,Diarrhea,Ahmedabad
7.81,132.25,171.78,41.36,8.51,629.52,1,Hepatitis,Hyderabad
5.19,130.9,207.62,414.12,9.58,431.91,1,Hepatitis,Ahmedabad
7.64,5.36,312.09,153.27,5.66,258.05,1,Hepatitis,Pune
5.84,124.05,277.9,227.52,5.14,531.64,1,Typhoid,Mumbai
7.16,20.2,267.32,20.74,0.85,128.23,0,Typhoid,Hyderabad
7.17,50.93,173.33,157.51,5.49,328.32,1,Typhoid,Kolkata
6.68,111.78,344.51,256.29,3.8,427.99,1,Dysentery,Delhi
4.45,24.95,214.95,37.53,6.07,203.57,1,Typhoid,Bangalore
8.18,122.88,392.69,250.64,3.89,789.26,1,Dysentery,Jaipur
5.6,124.99,271.95,464.28,2.4,246.37,1,Dysentery,Delhi
4.93,76.61,94.19,61.64,0.95,191.25,1,Dysentery,Jaipur
4.2,1.95,286.66,384.58,3.15,242.47,1,Typhoid,Lucknow
6.95,43.77,163.79,210.74,0.97,638.34,0,Hepatitis,Kolkata
7.39,92.92,290.21,331.04,1.77,397.85,0,Typhoid,Delhi
4.08,147.2,74.37,137.52,9.87,495.79,1,Diarrhea,Mumbai
6.56,95.14,111.21,88.15,4.44,114.71,0,Hepatitis,Mumbai
5.13,39.71,349.51,88.63,5.32,124.1,1,Dysentery,Bangalore
7.23,95.47,129.51,44.54,8.74,412.08,1,Typhoid,Lucknow
4.87,81.46,342.96,100.97,9.96,671.66,1,Diarrhea,Jaipur
7.45,117.2,147.75,335.47,5.83,719.67,1,Hepatitis,Delhi
5.93,16.94,275.01,442.03,8.12,160.69,1,Diarrhea,Jaipur
8.68,114.39,292.95,408.92,3.27,476.85,1,Hepatitis,Bangalore
4.69,81.65,229.43,345.72,3.06,739.26,1,Typhoid,Chennai
5.71,144.49,156.86,64.11,4.03,371.58,1,Typhoid,Hyderabad
4.57,51.94,124.43,151.7,6.73,680.7,1,Typhoid,Mumbai
8.62,95.26,61.62,161.81,6.82,193.59,1,Diarrhea,Hyderabad
8.39,139.87,156.38,132.48,3.15,754.78,1,Cholera,Pune
5.29,16.27,278.61,262.35,1.33,626.0,1,Diarrhea,Chennai
7.3,140.65,378.41,272.42,6.32,758.93,1,Diarrhea,Lucknow
8.09,103.49,354.92,184.87,1.28,573.63,1,Dysentery,Chennai
6.78,11.11,318.12,183.36,5.78,354.38,1,Dysentery,Jaipur
6.65,45.84,325.96,415.99,6.93,756.73,1,Diarrhea,Kolkata
5.21,106.52,282.74,396.75,7.01,292.9,1,Hepatitis,Ahmedabad
4.47,11.04,141.1,160.82,7.53,332.52,1,Dysentery,Chennai
8.49,87.74,367.52,457.76,8.73,590.57,1,Diarrhea,Ahmedabad
8.5,52.54,284.76,476.88,5.0,635.72,0,Dysentery,Kolkata
7.17,93.52,246.15,170.1,7.3,750.58,1,Hepatitis,Pune
5.7,7.82,88.85,183.67,6.19,243.36,1,Typhoid,Pune
5.75,130.86,206.47,257.76,1.87,658.6,1,Diarrhea,Pune
7.63,146.05,211.13,471.15,0.26,616.98,1,Diarrhea,Bangalore
8.49,145.36,352.6,439.4,2.85,144.66,1,Hepatitis,Lucknow
8.44,112.7,241.33,60.26,4.43,371.06,1,Dysentery,Kolkata
7.9,20.38,183.14,202.44,6.17,297.94,1,Dysentery,Lucknow
7.21,113.98,391.88,281.15,8.5,313.14,1,Dysentery,Delhi
4.42,4.66,88.75,256.53,1.96,788.06,1,Typhoid,Lucknow
4.81,4.3,197.89,104.99,1.26,549.94,1,Hepatitis,Mumbai
8.49,49.22,64.71,430.82,9.63,602.37,1,Hepatitis,Kolkata
7.03,73.81,308.97,341.7,1.08,783.63,0,Cholera,Jaipur
4.05,115.79,371.33,420.58,4.78,364.04,1,Dysentery,Bangalore
4.51,102.81,148.01,430.79,5.86,661.29,1,Cholera,Ahmedabad
7.32,67.44,350.42,376.69,5.41,404.17,1,Cholera,Kolkata
4.03,41.77,152.28,225.21,0.86,708.67,1,Diarrhea,Delhi
4.8,149.57,368.77,309.17,0.57,226.46,1,Diarrhea,Chennai
6.74,64.5,313.89,88.58,1.05,763.38,0,Diarrhea,Bangalore
7.46,68.26,331.72,340.09,5.86,253.14,1,Hepatitis,Lucknow
7.26,25.38,56.3,97.83,5.44,328.35,1,Typhoid,Delhi
5.12,119.43,386.98,350.04,2.34,629.33,1,Typhoid,Delhi
7.56,104.36,304.33,122.5,6.38,375.63,1,Cholera,Bangalore
5.19,33.89,156.66,67.6,8.2,525.75,1,Diarrhea,Delhi
5.63,13.27,340.29,90.99,0.42,411.2,1,Cholera,Mumbai
7.73,102.39,148.53,10.98,4.98,619.66,1,Cholera,Delhi
7.25,98.52,355.46,362.18,6.89,259.83,1,Diarrhea,Jaipur
8.25,41.72,89.4,368.88,2.52,140.92,0,Cholera,Pune
7.29,142.68,296.29,262.32,3.08,309.95,1,Diarrhea,Delhi
6.84,23.51,239.24,89.07,6.14,432.02,1,Dysentery,Hyderabad
4.47,65.42,83.79,50.94,8.98,217.61,1,Dysentery,Chennai
5.84,141.6,134.66,19.37,8.1,348.36,1,Dysentery,Hyderabad
5.33,63.54,54.34,91.22,5.83,379.99,1,Hepatitis,Mumbai
5.22,96.14,214.07,446.52,7.3,140.17,1,Typhoid,Bangalore
8.87,60.24,155.44,128.35,3.65,508.32,0,Hepatitis,Chennai
5.97,41.86,259.43,183.59,6.41,719.04,1,Hepatitis,Lucknow
8.46,147.61,154.03,61.62,4.66,206.22,1,Cholera,Lucknow
7.16,61.99,154.97,118.96,1.9,518.47,0,Cholera,Ahmedabad
7.97,134.22,310.12,264.42,7.02,565.32,1,Dysentery,Ahmedabad
6.51,35.26,66.85,307.8,5.56,393.53,1,Cholera,Mumbai
6.88,32.75,366.01,130.22,3.59,590.77,0,Typhoid,Kolkata
6.46,5.64,348.29,38.29,9.11,387.51,1,Diarrhea,Mumbai
4.98,98.1,283.73,201.61,0.21,453.25,1,Typhoid,Mumbai
7.61,55.91,257.63,124.76,3.16,105.15,0,Diarrhea,Lucknow
5.4,129.79,362.31,117.58,0.57,584.2,1,Typhoid,Hyderabad
4.12,71.51,114.87,480.33,7.67,562.94,1,Diarrhea,Bangalore
7.23,145.26,77.64,311.99,7.02,126.88,1,Cholera,Kolkata
4.89,28.64,133.83,282.87,3.31,357.78,1,Typhoid,Hyderabad
8.7,130.42,328.1,213.73,6.76,785.32,1,Dysentery,Mumbai
8.77,116.71,62.13,220.18,3.96,394.52,1,Dysentery,Pune
8.57,115.87,253.98,275.04,7.56,451.36,1,Cholera,Delhi
5.85,126.87,398.4,351.25,4.54,736.95,1,Diarrhea,Pune
4.08,114.39,349.49,354.05,4.12,602.08,1,Dysentery,Bangalore
8.64,94.31,232.51,94.13,9.35,507.45,1,Dysentery,Kolkata
6.14,20.56,72.27,255.06,2.51,658.46,0,Cholera,Delhi
8.83,5.85,340.98,211.86,1.2,705.06,0,Hepatitis,Delhi
8.82,138.21,259.64,436.56,5.85,419.82,1,Diarrhea,Hyderabad
8.27,92.88,90.23,319.4,9.69,432.58,1,Typhoid,Ahmedabad
5.47,119.68,82.85,270.93,3.78,370.24,1,Diarrhea,Mumbai
5.93,72.75,368.37,66.54,0.62,776.69,1,Dysentery,Lucknow
8.26,18.48,284.22,306.76,3.39,588.02,0,Hepatitis,Kolkata
5.58,19.65,340.25,67.43,5.06,158.26,1,Typhoid,Jaipur
4.85,103.15,357.64,175.23,1.62,704.07,1,Dysentery,Hyderabad
6.78,65.12,250.12,79.99,6.58,436.39,1,Diarrhea,Chennai
8.68,30.88,231.11,349.12,9.98,148.13,1,Typhoid,Delhi
7.48,74.25,200.65,111.06,4.52,484.8,0,Typhoid,Delhi
6.85,10.57,160.93,202.01,3.55,392.01,0,Typhoid,Ahmedabad
4.49,87.71,202.11,448.88,4.01,714.42,1,Typhoid,Ahmedabad
7.08,41.08,320.86,110.12,1.15,242.8,0,Hepatitis,Delhi
8.95,119.84,260.67,258.82,8.83,678.53,1,Hepatitis,Mumbai
4.7,47.24,362.38,215.44,4.15,490.38,1,Dysentery,Chennai
6.59,68.83,205.18,18.88,3.87,138.23,0,Dysentery,Chennai
8.39,2.73,262.48,398.45,6.6,780.29,1,Dysentery,Ahmedabad
7.7,11.79,270.96,43.83,4.42,458.83,0,Diarrhea,Chennai
7.49,59.48,257.09,242.38,6.48,303.61,1,Cholera,Ahmedabad
7.51,72.51,295.92,284.73,0.61,428.58,0,Cholera,Jaipur
5.8,90.4,133.1,317.93,8.14,700.5,1,Typhoid,Pune
5.47,44.46,229.33,347.43,9.41,313.43,1,Typhoid,Lucknow
8.05,104.55,86.48,134.1,6.49,234.87,1,Cholera,Hyderabad
8.05,129.16,184.58,14.89,9.55,190.35,1,Hepatitis,Ahmedabad
8.34,117.2,220.68,364.49,1.51,308.5,1,Typhoid,Chennai
8.57,6.9,278.28,272.47,4.77,646.03,0,Hepatitis,Ahmedabad
6.56,72.6,382.69,419.7,6.02,430.14,1,Dysentery,Jaipur
6.51,16.63,260.23,412.48,5.82,259.24,1,Hepatitis,Delhi
7.99,37.06,310.26,423.23,4.01,216.33,0,Dysentery,Jaipur
7.25,148.01,227.19,247.7,3.38,332.91,1,Dysentery,Delhi
7.51,22.23,271.94,173.48,1.27,757.95,0,Cholera,Hyderabad
7.98,75.33,74.83,397.86,3.92,340.12,0,Dysentery,Bangalore
8.45,93.11,139.04,231.13,1.63,791.69,0,Diarrhea,Jaipur
5.69,105.67,176.65,99.89,7.34,439.66,1,Cholera,Lucknow
5.88,84.39,215.37,428.94,2.09,225.41,1,Dysentery,Bangalore
4.47,2.46,65.98,442.45,0.59,723.8,1,Hepatitis,Jaipur
6.89,49.64,99.01,238.49,5.52,422.25,1,Diarrhea,Lucknow
4.18,78.14,146.89,47.09,5.95,596.77,1,Dysentery,Chennai
6.33,14.09,390.04,200.03,8.72,788.6,1,Typhoid,Delhi
6.71,53.24,165.97,403.73,5.77,135.12,1,Typhoid,Lucknow
5.43,5.95,218.71,451.87,3.45,167.69,1,Dysentery,Ahmedabad
6.95,12.71,118.63,109.7,8.03,604.32,1,Diarrhea,Mumbai
4.15,60.14,263.77,42.82,5.4,297.28,1,Dysentery,Bangalore
4.19,20.77,148.24,439.9,0.79,229.01,1,Diarrhea,Chennai
8.11,85.56,122.45,200.81,5.66,127.55,1,Diarrhea,Ahmedabad
5.8,103.73,230.8,275.46,9.08,115.29,1,Hepatitis,Mumbai
4.64,120.29,51.93,484.35,3.96,642.14,1,Typhoid,Bangalore
6.61,30.82,52.68,42.62,2.96,194.1,0,Dysentery,Delhi
7.85,25.95,126.67,327.68,1.43,427.4,0,Hepatitis,Jaipur
5.08,16.58,62.85,46.31,1.51,524.13,1,Typhoid,Kolkata
7.11,95.83,87.81,193.98,4.33,399.85,0,Diarrhea,Lucknow
4.43,106.26,168.6,403.87,5.96,118.97,1,Diarrhea,Delhi
4.26,5.71,330.9,222.4,0.81,648.45,1,Typhoid,Jaipur
6.66,140.5,250.22,498.62,9.4,107.36,1,Cholera,Pune
6.7,8.74,229.43,283.94,7.55,633.32,1,Hepatitis,Mumbai
7.19,81.65,152.72,167.37,5.87,725.31,1,Typhoid,Chennai
7.63,106.65,376.11,117.85,8.28,402.99,1,Cholera,Jaipur
8.88,130.77,188.96,181.76,0.8,474.88,1,Dysentery,Bangalore
6.58,107.4,80.48,192.54,4.77,433.89,1,Dysentery,Bangalore
5.61,120.46,265.97,43.67,6.3,372.45,1,Cholera,Ahmedabad
7.98,51.58,89.84,191.09,8.29,721.2,1,Diarrhea,Delhi
5.35,122.41,170.83,237.48,7.83,725.75,1,Diarrhea,Chennai
6.19,12.94,227.59,364.14,2.77,335.07,0,Hepatitis,Mumbai
4.39,134.33,355.98,331.8,9.41,530.55,1,Dysentery,Ahmedabad
4.13,82.59,222.74,357.3,1.24,748.84,1,Diarrhea,Lucknow
8.81,122.78,295.79,14.1,8.75,773.44,1,Diarrhea,Hyderabad
8.18,68.4,397.49,116.66,9.71,456.27,1,Dysentery,Hyderabad
7.48,96.89,96.02,334.23,1.77,416.98,0,Typhoid,Hyderabad
6.04,79.43,146.16,247.15,7.22,295.09,1,Diarrhea,Lucknow
4.87,110.01,188.1,12.6,0.4,771.21,1,Cholera,Kolkata
4.78,13.16,197.64,404.2,4.05,199.97,1,Typhoid,Bangalore
5.25,9.99,193.86,388.68,5.16,505.88,1,Diarrhea,Ahmedabad
6.75,37.82,367.66,278.73,5.81,297.79,1,Diarrhea,Chennai
7.57,24.77,299.91,42.57,9.36,295.31,1,Hepatitis,Pune
7.3,130.9,262.77,385.59,6.72,383.48,1,Cholera,Ahmedabad
5.4,33.66,158.28,296.02,4.81,799.16,1,Typhoid,Ahmedabad
8.77,146.4,338.33,393.16,8.1,138.48,1,Diarrhea,Mumbai
7.69,51.2,384.27,378.36,9.51,504.98,1,Typhoid,Chennai
6.77,28.14,337.42,403.47,0.22,157.8,0,Typhoid,Chennai
7.06,118.67,50.55,263.82,9.83,208.16,1,Diarrhea,Ahmedabad
6.1,99.15,272.74,78.76,0.86,407.69,0,Diarrhea,Kolkata
5.24,75.23,67.9,338.87,8.14,457.32,1,Dysentery,Chennai
5.78,83.75,140.16,314.03,2.8,281.15,1,Hepatitis,Ahmedabad
7.79,108.16,70.83,373.7,1.32,321.52,1,Diarrhea,Jaipur
4.07,35.04,261.33,93.24,4.4,160.88,1,Typhoid,Bangalore
4.58,149.45,290.31,105.54,6.44,312.25,1,Cholera,Hyderabad
4.23,146.24,90.07,446.3,3.81,776.59,1,Typhoid,Jaipur
4.2,97.9,184.34,377.49,0.55,761.3,1,Hepatitis,Mumbai
8.28,30.73,209.68,455.03,5.99,334.41,1,Cholera,Pune
7.52,102.35,179.17,381.77,9.02,499.6,1,Typhoid,Ahmedabad
6.37,11.76,92.36,302.61,3.83,736.72,0,Dysentery,Kolkata
4.49,5.57,196.63,330.53,2.16,104.33,1,Dysentery,Jaipur
6.46,39.39,312.91,445.67,4.43,667.48,0,Cholera,Pune
6.37,69.93,74.85,293.62,0.48,763.86,0,Typhoid,Mumbai
4.87,130.37,78.06,319.87,8.2,163.93,1,Cholera,Jaipur
6.17,109.35,174.17,86.67,8.26,213.01,1,Dysentery,Hyderabad
5.99,111.66,379.6,242.22,5.88,772.52,1,Hepatitis,Pune
7.08,64.4,284.0,361.03,3.53,476.28,0,Dysentery,Hyderabad
7.18,52.54,287.53,142.76,8.0,109.94,1,Diarrhea,Mumbai
4.23,56.28,176.67,109.1,5.55,280.34,1,Cholera,Jaipur
5.87,148.16,257.78,163.78,8.26,414.96,1,Diarrhea,Mumbai
7.13,6.98,53.55,128.34,6.31,585.04,1,Dysentery,Lucknow
6.52,130.19,272.63,115.31,7.84,613.21,1,Cholera,Bangalore
8.28,87.22,369.65,218.18,5.99,796.8,1,Hepatitis,Chennai
7.29,66.35,264.4,454.84,4.14,301.26,0,Typhoid,Kolkata
4.81,109.06,355.79,258.46,9.58,476.75,1,Cholera,Bangalore
4.35,73.51,303.39,102.08,5.41,473.33,1,Typhoid,Hyderabad
7.21,131.14,92.2,47.72,6.05,383.95,1,Typhoid,Mumbai
4.13,135.2,365.86,351.12,2.2,218.41,1,Cholera,Pune
6.93,63.84,73.26,197.57,6.26,784.22,1,Diarrhea,Hyderabad
8.7,42.25,236.89,412.7,5.72,697.32,1,Typhoid,Kolkata
6.88,89.26,99.75,333.16,1.85,448.83,0,Cholera,Mumbai
5.94,136.94,54.1,400.16,0.6,522.27,1,Dysentery,Jaipur
7.22,32.39,197.71,143.25,6.04,259.08,1,Typhoid,Kolkata
6.29,93.82,153.26,349.26,7.64,480.65,1,Cholera,Mumbai
6.73,95.1,220.1,139.39,5.23,586.48,1,Diarrhea,Ahmedabad
8.71,110.23,252.02,470.14,2.27,460.62,1,Dysentery,Lucknow
5.93,20.6,65.31,321.82,6.67,793.2,1,Typhoid,Hyderabad
8.81,107.66,93.05,169.01,0.8,527.94,1,Diarrhea,Jaipur
8.53,136.45,245.52,142.06,4.42,359.68,1,Diarrhea,Lucknow
4.98,27.77,170.11,103.55,1.63,640.51,1,Diarrhea,Lucknow
4.35,36.39,305.21,350.37,1.84,219.32,1,Cholera,Kolkata
4.5,145.74,278.3,117.17,2.02,369.16,1,Hepatitis,Bangalore
4.09,27.97,345.96,301.7,3.87,342.87,1,Diarrhea,Mumbai
4.47,128.3,292.37,139.67,0.51,402.26,1,Dysentery,Chennai
7.42,74.35,200.48,334.36,3.98,647.25,0,Cholera,Delhi
4.36,37.84,285.54,409.32,5.12,438.92,1,Dysentery,Kolkata
5.59,130.74,146.38,391.23,4.83,655.81,1,Cholera,Hyderabad
8.22,67.35,157.21,382.82,3.83,503.54,0,Hepatitis,Mumbai
4.12,77.71,326.14,101.98,8.39,339.45,1,Dysentery,Delhi
8.07,54.53,206.25,53.31,1.45,666.99,0,Hepatitis,Delhi
5.41,89.35,329.43,352.48,5.06,266.8,1,Cholera,Bangalore
4.59,25.37,337.85,190.49,0.62,257.07,1,Cholera,Hyderabad
7.48,59.27,350.15,221.85,0.71,453.15,0,Diarrhea,Mumbai
7.14,145.44,370.82,25.26,5.74,282.59,1,Cholera,Chennai
8.39,39.46,200.84,137.19,5.66,106.36,1,Hepatitis,Mumbai
7.68,98.85,161.6,26.5,8.78,553.81,1,Hepatitis,Pune
8.02,49.45,253.77,440.8,5.58,457.77,1,Hepatitis,Kolkata
5.41,116.25,179.91,129.26,9.6,411.86,1,Typhoid,Hyderabad
4.89,20.5,260.38,283.1,0.49,776.88,1,Hepatitis,Pune
7.75,145.5,296.96,29.1,0.98,499.84,1,Hepatitis,Kolkata
8.03,68.61,290.94,336.76,0.44,704.4,0,Hepatitis,Mumbai
8.95,36.17,181.09,168.28,1.85,197.62,0,Dysentery,Delhi
6.06,11.95,108.4,449.98,5.41,498.44,1,Cholera,Hyderabad
5.86,26.29,200.69,445.18,6.46,707.59,1,Hepatitis,Ahmedabad
7.88,78.45,99.91,169.39,0.46,508.17,0,Dysentery,Lucknow
5.7,51.21,361.53,451.47,9.46,602.61,1,Dysentery,Mumbai
8.65,124.5,171.06,498.12,8.42,360.43,1,Cholera,Delhi
8.29,65.2,104.06,414.45,2.97,164.71,0,Typhoid,Ahmedabad
6.14,38.06,58.91,423.99,0.77,420.53,0,Cholera,Pune
7.75,92.95,276.04,132.01,1.7,376.14,0,Cholera,Bangalore
7.77,106.31,272.92,292.58,1.27,706.94,1,Cholera,Bangalore
4.52,25.89,169.21,42.96,1.23,270.8,1,Diarrhea,Ahmedabad
8.51,25.98,75.1,56.51,5.19,776.71,1,Diarrhea,Hyderabad
6.53,6.46,193.37,499.46,2.46,770.7,0,Typhoid,Hyderabad
8.13,110.72,158.93,170.05,3.58,273.34,1,Typhoid,Ahmedabad
5.6,99.91,286.99,376.61,9.9,343.64,1,Cholera,Jaipur
8.48,71.72,262.02,405.27,6.84,726.89,1,Cholera,Delhi
5.95,126.78,177.61,430.43,9.49,776.64,1,Cholera,Mumbai
4.05,121.04,126.26,498.84,1.43,410.41,1,Cholera,Kolkata
8.53,88.22,395.81,128.33,3.82,324.7,0,Hepatitis,Mumbai
4.46,130.37,208.9,29.77,5.55,468.27,1,Dysentery,Kolkata
5.6,31.67,290.9,211.48,0.77,581.44,1,Hepatitis,Delhi
8.75,17.68,99.19,73.74,0.04,291.43,0,Hepatitis,Delhi
8.75,41.19,219.96,20.99,6.7,615.53,1,Cholera,Bangalore
6.87,9.51,59.64,186.61,6.42,136.16,1,Dysentery,Ahmedabad
7.16,80.14,226.91,394.03,4.11,134.51,0,Diarrhea,Lucknow
6.24,140.55,387.41,287.43,4.9,370.4,1,Dysentery,Mumbai
5.47,6.86,184.47,163.26,4.15,347.43,1,Diarrhea,Chennai
5.64,19.19,63.65,330.63,0.24,320.94,1,Hepatitis,Ahmedabad
7.36,68.38,60.83,123.69,3.35,443.71,0,Typhoid,Bangalore
7.76,140.15,185.8,17.05,1.77,324.51,1,Diarrhea,Ahmedabad
7.96,48.11,106.01,384.53,0.98,234.58,0,Diarrhea,Chennai
7.95,76.58,58.17,315.63,9.57,316.63,1,Dysentery,Pune
4.46,7.19,314.67,383.53,5.99,782.43,1,Hepatitis,Pune
6.47,23.1,210.48,29.08,7.29,387.78,1,Diarrhea,Hyderabad
4.29,148.01,151.24,420.19,3.15,411.3,1,Cholera,Pune
6.75,144.8,365.03,313.57,3.93,503.58,1,Typhoid,Chennai
6.21,1.74,90.65,286.06,2.37,788.34,0,Cholera,Pune
8.44,142.82,384.57,316.06,0.97,269.12,1,Diarrhea,Lucknow
5.75,96.23,159.89,433.57,1.79,576.9,1,Dysentery,Pune
4.59,130.32,360.94,297.6,7.98,601.19,1,Diarrhea,Mumbai
4.71,68.76,261.03,294.67,6.78,525.13,1,Typhoid,Jaipur
7.81,77.82,339.35,495.43,5.47,162.0,1,Typhoid,Bangalore
7.09,73.84,394.4,380.8,4.75,573.81,0,Dysentery,Jaipur
4.51,100.36,150.94,226.72,9.22,144.87,1,Cholera,Pune
4.42,21.81,386.4,356.62,0.73,517.3,1,Typhoid,Ahmedabad
7.5,5.47,186.32,200.72,2.81,617.71,0,Dysentery,Jaipur
4.36,46.88,184.93,122.15,3.5,247.68,1,Hepatitis,Pune
8.11,106.0,169.14,302.46,7.82,689.14,1,Dysentery,Jaipur
7.53,31.08,239.49,464.81,9.93,121.25,1,Cholera,Ahmedabad
4.41,101.34,103.95,465.28,2.41,690.67,1,Dysentery,Lucknow
4.42,145.52,243.8,177.53,8.74,422.23,1,Cholera,Kolkata
8.93,14.99,239.6,268.56,8.31,252.31,1,Typhoid,Jaipur
5.87,101.22,316.67,113.7,2.25,193.64,1,Hepatitis,Delhi
5.85,67.12,341.78,497.86,3.99,767.32,1,Hepatitis,Delhi
8.06,130.35,204.15,490.75,4.1,150.87,1,Typhoid,Kolkata
8.74,27.4,155.82,328.26,9.78,239.37,1,Dysentery,Jaipur
8.93,104.2,140.77,404.16,1.81,343.48,1,Dysentery,Pune
7.77,125.88,118.12,360.4,7.99,534.16,1,Diarrhea,Kolkata
5.88,141.75,70.18,300.65,3.34,481.36,1,Cholera,Chennai
4.42,102.8,169.86,36.14,7.31,187.95,1,Dysentery,Pune
7.89,75.08,144.59,232.83,4.2,302.81,0,Diarrhea,Delhi
6.79,93.06,388.25,340.65,5.78,267.13,1,Dysentery,Bangalore
6.12,130.47,245.2,341.99,8.33,249.48,1,Hepatitis,Hyderabad
8.53,86.02,171.55,192.83,8.04,387.8,1,Cholera,Pune
4.56,5.53,253.16,471.43,8.66,592.82,1,Diarrhea,Delhi
6.46,139.71,98.72,92.0,0.6,252.22,1,Cholera,Lucknow
4.06,103.74,205.42,255.18,6.92,356.68,1,Hepatitis,Delhi
6.34,101.8,269.18,348.53,1.4,373.64,1,Hepatitis,Kolkata
4.28,33.14,221.11,351.6,4.16,783.52,1,Hepatitis,Delhi
4.59,99.17,190.62,327.83,5.49,768.27,1,Hepatitis,Pune
4.59,59.69,397.85,144.89,4.03,660.1,1,Typhoid,Delhi
7.25,98.03,358.11,86.54,5.2,269.16,1,Diarrhea,Hyderabad
7.73,16.88,268.19,321.61,9.97,147.63,1,Hepatitis,Ahmedabad
6.92,99.02,249.28,303.66,1.35,321.83,0,Dysentery,Mumbai
8.81,149.91,267.23,97.88,6.75,286.76,1,Dysentery,Jaipur
5.87,8.18,120.46,355.52,3.96,454.15,1,Diarrhea,Ahmedabad
5.43,146.6,188.3,233.03,1.33,644.41,1,Cholera,Kolkata
8.34,61.63,63.81,337.2,1.59,700.83,0,Dysentery,Bangalore
5.12,130.74,216.44,420.31,9.49,691.4,1,Diarrhea,Chennai
8.82,117.58,240.06,93.17,8.8,351.77,1,Diarrhea,Delhi
4.06,85.49,129.71,19.38,9.07,581.06,1,Hepatitis,Chennai
8.85,111.03,387.41,391.76,9.92,318.98,1,Hepatitis,Jaipur
4.22,131.9,368.31,308.75,2.08,142.63,1,Typhoid,Jaipur
8.46,61.22,302.75,352.82,3.55,591.1,0,Dysentery,Hyderabad
6.64,49.73,236.69,420.7,6.69,106.88,1,Dysentery,Bangalore
8.96,100.47,354.49,403.38,4.84,386.43,1,Diarrhea,Mumbai
4.37,121.37,95.73,480.85,4.18,330.57,1,Cholera,Delhi
6.77,114.58,326.68,272.61,3.58,585.36,1,Cholera,Ahmedabad
8.85,119.87,93.69,249.36,5.94,636.37,1,Typhoid,Jaipur
6.62,65.9,327.97,206.92,5.76,312.87,1,Dysentery,Kolkata
7.15,122.86,146.52,85.31,1.61,668.14,1,Diarrhea,Jaipur
7.48,18.91,356.98,290.58,4.72,305.74,0,Typhoid,Kolkata
6.27,82.13,380.41,145.74,5.53,412.43,1,Typhoid,Chennai
7.14,1.86,102.08,461.44,5.7,608.91,1,Hepatitis,Bangalore
6.92,49.36,211.94,295.76,2.1,585.04,0,Cholera,Chennai
8.51,55.6,393.35,300.49,7.42,791.16,1,Diarrhea,Bangalore
4.23,60.03,219.19,183.91,0.25,257.61,1,Hepatitis,Jaipur
5.4,104.62,352.24,35.47,3.55,563.62,1,Typhoid,Delhi
8.75,58.9,256.06,25.55,7.8,526.78,1,Dysentery,Ahmedabad
8.45,67.86,181.37,217.43,5.64,740.57,1,Cholera,Ahmedabad
6.28,36.39,150.02,51.44,2.61,209.45,0,Cholera,Lucknow
7.1,56.61,121.13,307.36,6.95,626.26,1,Hepatitis,Bangalore
5.39,34.86,316.63,441.68,5.67,497.79,1,Hepatitis,Pune
4.94,11.91,185.29,442.63,7.96,292.27,1,Cholera,Lucknow
6.32,90.91,228.95,332.93,7.35,432.1,1,Dysentery,Hyderabad
5.77,100.56,222.31,113.5,6.1,333.64,1,Typhoid,Chennai
6.92,93.3,252.05,432.87,4.88,505.52,0,Typhoid,Mumbai
4.39,70.06,352.95,444.19,1.33,722.3,1,Dysentery,Mumbai
8.87,57.59,393.26,106.36,2.61,498.51,0,Cholera,Jaipur
8.93,129.64,192.65,371.34,4.19,542.21,1,Cholera,Chennai
7.49,78.34,339.63,150.39,5.99,463.12,1,Cholera,Lucknow
6.68,72.4,317.58,403.29,5.14,135.82,1,Typhoid,Hyderabad
5.55,4.82,250.74,498.65,2.88,263.0,1,Dysentery,Delhi
8.07,51.85,384.62,24.71,0.06,444.4,0,Typhoid,Mumbai
7.42,57.65,120.17,449.71,4.96,317.16,0,Typhoid,Pune
4.81,60.42,88.24,315.09,2.86,227.23,1,Typhoid,Hyderabad
8.55,87.45,348.89,486.96,7.35,452.89,1,Dysentery,Mumbai
8.11,80.51,203.7,237.85,0.24,325.97,0,Cholera,Lucknow
8.75,91.58,346.44,425.22,5.85,280.68,1,Dysentery,Chennai
7.63,114.97,362.58,40.57,9.41,424.79,1,Diarrhea,Lucknow
7.07,122.13,71.86,174.29,1.74,193.3,1,Typhoid,Lucknow
6.09,108.0,359.21,42.84,4.72,749.42,1,Cholera,Hyderabad
8.66,143.37,206.91,487.92,0.91,707.39,1,Hepatitis,Chennai
8.33,3.72,228.65,410.32,6.26,595.33,1,Typhoid,Kolkata
4.23,30.17,269.31,427.75,5.51,174.35,1,Cholera,Bangalore
4.13,2.13,374.23,469.6,4.07,643.11,1,Typhoid,Mumbai
5.88,97.47,56.69,51.7,5.21,665.57,1,Dysentery,Ahmedabad
8.05,134.81,216.9,198.94,8.97,637.44,1,Diarrhea,Jaipur
8.94,37.28,290.7,44.81,1.96,179.78,0,Diarrhea,Ahmedabad
4.75,139.13,302.95,113.29,0.23,550.74,1,Cholera,Lucknow
6.97,9.98,292.39,122.39,8.62,684.03,1,Dysentery,Chennai
5.9,140.23,97.05,239.86,5.77,504.15,1,Hepatitis,Jaipur
8.85,53.39,154.79,141.6,8.91,552.49,1,Dysentery,Chennai
8.21,16.11,175.55,59.48,5.97,420.85,1,Diarrhea,Ahmedabad
8.19,73.39,331.55,92.07,8.1,470.1,1,Dysentery,Pune
6.34,39.26,147.57,82.17,4.3,124.06,0,Typhoid,Hyderabad
6.07,43.45,123.75,486.81,7.5,547.27,1,Cholera,Delhi
5.37,46.79,385.11,382.05,9.13,157.01,1,Typhoid,Kolkata
4.28,120.65,53.1,484.2,5.72,404.51,1,Diarrhea,Chennai
8.32,81.34,399.24,225.47,1.81,304.86,0,Diarrhea,Bangalore
8.06,47.38,286.89,146.4,2.69,481.8,0,Cholera,Lucknow
9.0,91.94,339.96,401.16,1.99,193.39,0,Hepatitis,Ahmedabad
8.98,107.71,153.12,169.86,2.47,584.15,1,Diarrhea,Lucknow
6.78,41.62,55.01,156.7,3.06,656.51,0,Typhoid,Ahmedabad
7.84,62.62,308.25,123.93,5.55,214.35,1,Typhoid,Lucknow
8.72,19.16,341.95,73.54,5.88,173.02,1,Typhoid,Ahmedabad
8.25,27.99,309.17,135.67,4.26,201.86,0,Dysentery,Jaipur
5.24,102.49,100.0,184.11,6.15,713.99,1,Cholera,Chennai
6.25,28.03,313.7,340.26,0.82,469.73,0,Cholera,Mumbai
4.65,79.25,319.12,40.66,0.88,427.08,1,Dysentery,Bangalore
8.77,106.65,280.49,113.15,1.72,174.7,1,Typhoid,Chennai
7.03,16.92,318.14,406.42,5.18,554.69,1,Typhoid,Kolkata
5.14,85.53,346.07,81.99,2.14,707.6,1,Typhoid,Lucknow
7.36,39.23,264.76,177.9,2.83,679.73,0,Dysentery,Ahmedabad
7.09,144.48,81.01,433.68,4.0,538.24,1,Cholera,Hyderabad
5.79,73.05,220.67,85.91,8.12,152.7,1,Hepatitis,Ahmedabad
4.57,121.09,77.18,50.54,0.14,178.68,1,Diarrhea,Delhi
7.36,82.98,192.64,247.42,6.49,134.52,1,Diarrhea,Lucknow
6.6,7.47,192.49,158.19,6.69,280.24,1,Dysentery,Jaipur
7.86,95.34,73.1,286.07,7.99,194.96,1,Typhoid,Jaipur
6.6,142.76,172.09,403.86,9.33,282.03,1,Cholera,Jaipur
8.26,90.64,88.85,77.2,0.2,369.54,0,Hepatitis,Kolkata
6.76,123.06,332.88,294.54,1.54,760.09,1,Dysentery,Kolkata
6.8,132.75,381.69,257.7,8.86,527.26,1,Cholera,Hyderabad
8.38,34.98,75.31,80.6,4.59,684.48,0,Diarrhea,Delhi
6.02,32.59,384.29,315.76,5.65,597.25,1,Typhoid,Jaipur
4.67,92.04,232.9,144.08,6.63,178.75,1,Diarrhea,Pune
4.14,62.24,154.85,249.04,6.79,615.14,1,Dysentery,Bangalore
7.78,126.14,76.9,50.31,9.32,292.57,1,Typhoid,Delhi
7.1,135.1,225.22,235.2,9.97,547.38,1,Hepatitis,Kolkata
7.52,53.66,328.08,160.17,7.2,338.67,1,Dysentery,Ahmedabad
5.06,36.29,297.48,412.97,2.87,798.37,1,Diarrhea,Hyderabad
4.68,117.3,67.58,37.92,8.8,284.49,1,Diarrhea,Ahmedabad
4.07,41.95,75.52,215.12,0.49,295.39,1,Diarrhea,Delhi
5.75,123.57,191.01,234.63,2.31,751.47,1,Cholera,Pune
6.95,64.14,153.35,365.25,8.97,117.25,1,Dysentery,Kolkata
5.96,100.46,131.33,291.4,2.56,587.68,1,Typhoid,Delhi
6.19,15.23,148.35,336.93,2.21,607.73,0,Cholera,Jaipur
8.52,93.96,331.22,390.75,1.38,685.47,0,Hepatitis,Lucknow
5.74,68.31,375.23,432.48,8.59,782.11,1,Cholera,Delhi
6.57,88.4,191.79,163.8,5.0,782.92,0,Diarrhea,Jaipur
7.92,26.03,367.14,273.63,6.75,145.69,1,Dysentery,Kolkata
5.98,110.79,162.52,421.65,2.39,675.29,1,Hepatitis,Kolkata
7.11,129.56,216.75,494.83,7.58,552.42,1,Cholera,Mumbai
8.31,33.29,129.11,445.86,7.6,553.14,1,Dysentery,Chennai
8.75,15.26,274.17,192.02,3.13,189.84,0,Typhoid,Chennai
4.74,4.52,392.64,105.63,4.11,555.13,1,Diarrhea,Mumbai
8.63,96.65,261.22,249.8,2.1,787.74,0,Typhoid,Chennai
6.46,91.46,175.23,373.4,9.77,738.27,1,Typhoid,Ahmedabad
5.29,82.46,276.74,251.36,6.46,407.39,1,Hepatitis,Chennai
6.3,35.56,93.02,246.76,9.35,127.96,1,Diarrhea,Delhi
8.9,59.24,361.03,420.73,3.03,353.61,0,Cholera,Delhi
6.46,89.58,226.08,187.09,7.82,678.47,1,Typhoid,Mumbai
5.64,75.02,207.27,431.3,7.66,591.05,1,Dysentery,Lucknow
7.17,148.18,255.05,209.33,6.92,421.54,1,Diarrhea,Chennai
5.2,21.33,268.67,170.83,9.66,138.57,1,Cholera,Kolkata
4.38,104.58,75.12,232.46,3.94,398.83,1,Cholera,Pune
4.64,61.24,288.92,383.6,1.31,428.32,1,Dysentery,Kolkata
4.64,64.8,134.68,71.74,6.72,749.99,1,Hepatitis,Bangalore
4.76,107.92,299.88,106.25,7.29,548.76,1,Typhoid,Lucknow
4.69,104.17,337.89,476.21,5.75,318.16,1,Cholera,Bangalore
7.2,148.7,331.39,95.99,2.07,467.72,1,Cholera,Jaipur
4.91,20.13,243.38,288.19,5.04,146.24,1,Dysentery,Kolkata
5.73,16.51,232.06,293.86,3.12,780.8,1,Hepatitis,Mumbai
8.48,108.93,100.01,249.92,4.27,352.04,1,Hepatitis,Chennai
6.37,87.18,321.37,325.93,6.45,434.51,1,Dysentery,Mumbai
7.34,41.85,144.99,122.62,7.45,348.7,1,Cholera,Pune
4.86,12.83,223.84,280.8,2.32,577.76,1,Typhoid,Kolkata
4.96,13.76,149.5,192.36,4.05,563.56,1,Cholera,Mumbai
4.2,134.23,96.84,334.22,2.69,600.73,1,Hepatitis,Mumbai
4.84,29.59,270.35,79.2,1.99,287.7,1,Cholera,Kolkata
5.39,49.18,69.02,289.73,7.83,320.97,1,Typhoid,Lucknow
4.89,34.77,312.03,100.78,9.09,187.68,1,Diarrhea,Delhi
4.44,53.89,161.16,146.54,3.7,558.86,1,Cholera,Jaipur
4.6,11.34,50.05,117.17,7.51,127.86,1,Dysentery,Bangalore
6.3,78.34,228.9,99.59,8.97,518.38,1,Diarrhea,Bangalore
5.03,11.07,66.4,414.6,8.46,708.79,1,Dysentery,Ahmedabad
5.82,120.25,146.66,150.0,1.83,723.58,1,Dysentery,Pune
6.52,35.82,297.44,464.29,9.56,414.33,1,Dysentery,Ahmedabad
7.45,81.46,71.94,485.26,3.77,421.51,0,Cholera,Jaipur
4.2,132.13,343.77,289.92,3.39,153.88,1,Hepatitis,Mumbai
8.0,97.98,51.34,80.07,0.62,569.54,0,Dysentery,Ahmedabad
7.14,80.41,136.39,193.53,4.86,674.88,0,Diarrhea,Lucknow
4.41,49.33,309.32,400.89,1.09,271.26,1,Hepatitis,Kolkata
8.37,50.62,160.69,190.02,2.49,394.91,0,Typhoid,Delhi
8.6,100.75,85.66,52.64,3.17,687.19,1,Dysentery,Hyderabad
4.31,149.13,176.08,282.82,8.09,713.98,1,Typhoid,Lucknow
5.38,99.61,144.64,424.11,8.75,270.23,1,Diarrhea,Hyderabad
8.03,84.11,344.95,400.0,3.02,485.4,0,Dysentery,Bangalore
7.74,109.87,159.67,95.81,8.59,234.75,1,Hepatitis,Delhi
4.92,70.32,326.13,339.65,8.57,171.32,1,Typhoid,Pune
5.05,9.96,362.16,118.05,7.65,737.78,1,Cholera,Pune
5.85,84.78,201.84,116.92,1.47,674.36,1,Diarrhea,Mumbai
6.42,143.69,368.48,438.3,6.9,632.02,1,Typhoid,Bangalore
7.09,27.12,182.06,132.34,9.45,134.14,1,Dysentery,Ahmedabad
5.84,103.81,387.43,138.99,6.83,690.61,1,Diarrhea,Mumbai
6.31,30.94,81.25,10.32,3.32,406.63,0,Typhoid,Jaipur
7.74,80.84,290.46,436.63,5.01,339.68,1,Typhoid,Mumbai
4.18,15.4,222.83,398.37,6.46,482.53,1,Hepatitis,Kolkata
5.26,68.11,185.68,317.39,5.11,163.95,1,Hepatitis,Lucknow
7.57,113.67,271.45,377.63,1.2,629.65,1,Hepatitis,Mumbai
8.48,52.79,296.35,84.5,3.12,507.7,0,Dysentery,Mumbai
6.56,100.07,51.53,234.58,8.02,230.61,1,Hepatitis,Mumbai
6.66,119.52,108.43,182.1,8.61,231.76,1,Dysentery,Mumbai
4.54,139.15,299.57,55.95,1.37,228.97,1,Dysentery,Delhi
6.24,35.96,283.23,248.2,9.52,139.9,1,Diarrhea,Pune
6.66,60.5,388.12,461.16,3.29,511.46,0,Cholera,Lucknow
5.21,23.71,316.36,29.63,6.62,688.24,1,Hepatitis,Chennai
5.35,148.88,382.77,152.82,7.52,112.25,1,Typhoid,Kolkata
5.89,139.12,295.89,111.7,8.12,134.3,1,Cholera,Mumbai
4.1,81.45,154.32,126.69,9.46,500.94,1,Diarrhea,Jaipur
5.61,126.46,86.88,455.13,3.13,673.65,1,Hepatitis,Mumbai
5.06,78.62,323.64,239.35,8.59,328.72,1,Typhoid,Delhi
5.64,93.91,275.45,238.49,1.32,344.73,1,Cholera,Bangalore
4.6,14.28,66.87,382.68,7.05,517.44,1,Diarrhea,Kolkata
8.45,113.54,176.02,85.7,7.42,291.95,1,Diarrhea,Mumbai
6.97,20.03,384.88,248.76,6.78,118.63,1,Hepatitis,Bangalore
7.4,124.08,225.14,220.69,2.52,614.66,1,Diarrhea,Kolkata
7.95,117.52,201.46,302.49,8.73,537.95,1,Typhoid,Delhi
6.49,106.6,210.19,499.78,1.69,506.53,1,Diarrhea,Pune
4.43,6.39,123.11,387.03,0.54,619.18,1,Dysentery,Bangalore
6.69,46.17,179.05,204.95,7.17,572.66,1,Typhoid,Jaipur
6.93,40.2,179.43,415.5,4.75,244.12,0,Typhoid,Bangalore
7.73,54.66,68.32,93.65,8.49,346.74,1,Cholera,Jaipur
6.16,14.06,318.65,24.93,3.83,188.28,0,Dysentery,Chennai
4.64,140.61,195.78,110.18,1.68,190.9,1,Hepatitis,Hyderabad
5.42,83.52,337.76,176.8,8.36,573.34,1,Dysentery,Chennai
5.82,46.52,347.62,260.18,5.49,701.02,1,Cholera,Lucknow
7.23,60.15,124.2,311.41,1.89,773.91,0,Diarrhea,Kolkata
6.85,67.63,280.07,456.2,7.2,539.84,1,Cholera,Ahmedabad
5.78,90.49,215.3,259.83,5.11,228.87,1,Cholera,Delhi
8.93,77.84,358.05,255.63,6.04,173.96,1,Diarrhea,Bangalore
7.03,137.99,125.51,34.62,4.61,669.0,1,Typhoid,Delhi
5.19,75.05,287.23,27.11,8.29,505.13,1,Typhoid,Delhi
4.51,148.83,262.71,280.07,8.3,532.8,1,Dysentery,Hyderabad
4.76,127.86,153.36,224.71,7.09,647.02,1,Diarrhea,Hyderabad
5.23,32.07,97.81,421.2,1.05,592.29,1,Cholera,Bangalore
4.8,139.66,278.07,88.73,8.39,684.12,1,Cholera,Jaipur
4.93,18.34,308.51,22.24,6.71,139.35,1,Hepatitis,Lucknow
5.43,122.8,160.47,230.03,6.97,623.26,1,Hepatitis,Ahmedabad
4.87,57.71,275.69,126.36,3.63,695.6,1,Dysentery,Pune
8.48,131.82,188.3,34.31,8.79,300.29,1,Cholera,Pune
4.4,130.34,299.62,365.05,7.25,548.31,1,Dysentery,Lucknow
6.62,121.08,119.73,64.68,1.13,319.91,1,Diarrhea,Mumbai
6.05,118.71,361.58,308.08,4.08,770.58,1,Typhoid,Chennai
8.91,46.4,150.59,147.71,8.86,123.4,1,Cholera,Hyderabad
4.56,13.06,178.73,95.01,0.47,505.85,1,Diarrhea,Pune
5.99,61.04,70.33,196.08,9.61,216.55,1,Cholera,Hyderabad
8.85,26.86,89.03,402.71,6.79,598.55,1,Hepatitis,Ahmedabad
8.33,104.55,230.55,202.13,6.31,223.12,1,Dysentery,Pune
8.09,52.57,143.66,377.88,2.71,264.77,0,Cholera,Mumbai
5.29,146.37,342.42,71.49,2.49,446.06,1,Typhoid,Lucknow
4.85,96.5,55.14,388.66,9.42,740.38,1,Hepatitis,Bangalore
7.34,123.55,182.68,126.1,2.98,248.2,1,Cholera,Chennai
8.65,20.75,168.07,341.92,7.76,200.97,1,Hepatitis,Mumbai
6.78,129.44,56.76,287.23,3.93,631.28,1,Cholera,Kolkata
6.86,138.49,93.53,465.28,1.39,450.43,1,Typhoid,Pune
5.4,73.57,194.77,199.79,0.11,738.25,1,Hepatitis,Hyderabad
7.85,91.33,222.5,42.42,5.44,202.63,1,Dysentery,Hyderabad
4.94,114.96,191.5,19.39,9.76,552.15,1,Dysentery,Kolkata
5.62,27.05,235.83,415.16,3.69,263.02,1,Dysentery,Jaipur
6.13,75.88,258.3,267.12,3.57,209.73,0,Typhoid,Chennai
6.54,60.4,53.47,389.87,3.44,578.4,0,Typhoid,Lucknow
5.21,22.81,212.43,124.87,5.21,515.58,1,Hepatitis,Jaipur
4.57,55.76,387.22,179.09,4.41,628.38,1,Cholera,Pune
7.05,11.16,231.66,24.75,8.8,316.62,1,Typhoid,Delhi
5.44,4.85,287.14,481.13,5.06,413.58,1,Dysentery,Ahmedabad
6.91,21.14,159.15,337.26,5.08,383.83,1,Cholera,Chennai
4.77,144.5,320.9,467.27,1.38,788.86,1,Dysentery,Mumbai
6.41,82.88,320.52,140.09,9.83,304.57,1,Cholera,Hyderabad
6.66,144.91,232.45,309.62,2.5,306.37,1,Hepatitis,Kolkata
4.26,65.44,391.6,342.46,0.73,348.18,1,Dysentery,Mumbai
5.68,47.46,93.94,165.6,6.63,495.22,1,Hepatitis,Mumbai
4.67,76.42,55.93,425.57,5.95,276.63,1,Dysentery,Kolkata
4.32,66.49,319.56,474.11,4.15,740.7,1,Diarrhea,Bangalore
8.95,16.74,332.5,443.58,4.22,285.98,0,Diarrhea,Jaipur
5.61,96.48,92.07,372.14,7.85,727.07,1,Diarrhea,Kolkata
8.05,33.19,142.95,145.96,1.96,172.43,0,Diarrhea,Kolkata
5.27,93.32,56.14,147.99,8.2,559.59,1,Typhoid,Bangalore
7.41,97.88,152.66,482.05,6.49,734.89,1,Dysentery,Bangalore
7.8,23.65,320.6,15.04,4.19,218.12,0,Dysentery,Delhi
6.98,10.14,231.29,360.86,4.58,777.83,0,Diarrhea,Hyderabad
6.36,117.33,171.83,356.06,2.57,417.02,1,Cholera,Hyderabad
6.06,69.51,180.11,315.12,7.52,762.0,1,Diarrhea,Mumbai
5.74,9.67,50.47,495.15,5.13,573.77,1,Hepatitis,Pune
8.65,149.24,154.93,162.82,3.21,311.11,1,Cholera,Lucknow
8.15,9.61,276.26,176.59,5.96,231.81,1,Hepatitis,Lucknow
8.83,104.56,390.97,48.68,9.96,312.61,1,Typhoid,Lucknow
4.62,147.57,346.47,226.97,4.35,165.11,1,Hepatitis,Mumbai
7.65,36.64,58.26,137.91,9.21,200.71,1,Diarrhea,Lucknow
8.69,22.2,364.5,178.26,3.45,173.26,0,Cholera,Delhi
4.91,19.09,324.12,418.94,0.55,396.06,1,Diarrhea,Hyderabad
4.33,46.19,323.13,468.39,2.04,656.9,1,Diarrhea,Hyderabad
7.71,16.06,210.3,101.01,4.19,198.97,0,Typhoid,Mumbai
6.87,104.13,189.3,192.53,2.2,191.22,1,Diarrhea,Chennai
8.21,10.28,156.02,465.03,0.0,550.4,0,Typhoid,Mumbai
4.7,76.9,72.99,40.29,9.15,238.03,1,Dysentery,Kolkata
7.98,149.51,129.88,55.26,8.44,168.33,1,Dysentery,Delhi
5.01,122.28,136.31,89.77,7.42,216.79,1,Hepatitis,Pune
4.82,92.67,219.43,301.65,1.68,746.61,1,Diarrhea,Chennai
4.82,46.63,311.61,83.73,1.2,675.03,1,Cholera,Jaipur
8.07,93.96,215.83,484.36,0.68,347.85,0,Cholera,Jaipur
7.33,79.53,70.25,228.89,7.24,559.07,1,Hepatitis,Delhi
6.62,64.49,385.23,255.74,9.29,476.09,1,Cholera,Chennai
5.79,20.48,379.95,130.86,4.31,573.99,1,Dysentery,Hyderabad
8.39,133.1,324.82,240.77,1.19,577.87,1,Diarrhea,Jaipur
5.96,68.02,396.96,334.34,5.12,540.11,1,Cholera,Bangalore
8.08,30.0,240.57,378.08,3.49,286.27,0,Cholera,Lucknow
6.2,55.8,386.97,379.4,3.75,127.3,0,Diarrhea,Mumbai
5.88,62.71,76.46,293.17,6.21,418.9,1,Typhoid,Pune
6.31,124.3,177.99,453.14,7.19,723.68,1,Typhoid,Pune
5.51,110.31,128.88,410.53,1.11,498.65,1,Diarrhea,Pune
7.74,115.63,118.54,380.95,0.36,682.67,1,Dysentery,Chennai
6.51,2.64,99.28,37.25,9.94,794.14,1,Dysentery,Jaipur
5.16,63.01,267.84,13.37,2.33,214.53,1,Dysentery,Hyderabad
8.5,72.72,323.46,114.1,0.54,584.24,0,Dysentery,Chennai
5.92,3.86,252.4,335.13,1.9,572.01,1,Diarrhea,Lucknow
6.72,39.71,101.44,211.49,0.39,785.97,0,Diarrhea,Lucknow
8.53,114.28,333.89,207.18,3.92,789.92,1,Cholera,Bangalore
7.12,21.43,272.58,443.45,8.02,580.68,1,Hepatitis,Lucknow
4.58,80.76,185.86,448.83,3.41,270.53,1,Hepatitis,Mumbai
8.7,33.07,285.95,455.5,4.44,658.99,0,Diarrhea,Ahmedabad
7.14,2.81,140.97,163.8,6.76,174.92,1,Typhoid,Kolkata
5.67,36.94,170.82,348.62,5.09,646.49,1,Cholera,Bangalore
4.7,146.41,371.12,143.1,8.61,737.14,1,Cholera,Pune
7.97,120.43,151.68,103.4,8.66,367.98,1,Hepatitis,Jaipur
7.1,143.98,214.5,100.47,0.1,541.44,1,Typhoid,Mumbai
6.67,73.69,361.55,177.63,7.78,401.1,1,Diarrhea,Chennai
8.47,17.35,297.7,220.68,4.61,406.44,0,Dysentery,Kolkata
7.94,82.65,71.77,417.17,9.89,317.26,1,Diarrhea,Chennai
4.76,68.7,101.56,68.75,4.83,633.49,1,Typhoid,Bangalore
5.56,126.81,52.74,370.11,9.87,755.32,1,Cholera,Pune
5.24,15.61,270.82,270.41,7.55,758.53,1,Dysentery,Chennai
7.72,73.75,206.69,151.09,2.49,222.35,0,Dysentery,Lucknow
4.17,23.36,97.0,251.48,5.38,712.32,1,Typhoid,Chennai
6.85,49.38,385.28,156.97,9.92,616.2,1,Dysentery,Pune
7.81,110.87,235.38,302.08,8.58,276.99,1,Diarrhea,Mumbai
8.38,71.93,134.66,222.58,0.97,147.1,0,Diarrhea,Bangalore
5.71,57.01,225.21,90.56,7.06,287.6,1,Typhoid,Chennai
8.11,59.78,287.87,67.13,3.46,738.55,0,Cholera,Delhi
4.55,69.46,76.68,277.88,0.07,543.23,1,Diarrhea,Bangalore
8.23,117.97,146.15,452.18,4.03,604.74,1,Dysentery,Kolkata
4.64,133.92,332.44,178.54,2.35,280.01,1,Dysentery,Kolkata
5.99,143.34,210.88,369.17,8.19,603.57,1,Cholera,Pune
7.99,118.25,241.3,332.74,3.37,119.69,1,Hepatitis,Ahmedabad
4.75,48.0,201.49,466.46,8.28,362.72,1,Typhoid,Pune
5.15,103.53,65.36,412.28,0.01,538.73,1,Cholera,Lucknow
7.61,66.2,108.01,287.64,3.08,202.27,0,Dysentery,Pune
7.6,38.95,205.94,331.94,2.41,676.1,0,Diarrhea,Ahmedabad
7.21,126.29,123.21,450.21,2.34,264.52,1,Hepatitis,Jaipur
7.47,6.73,67.49,205.76,0.68,556.6,0,Dysentery,Mumbai
6.71,135.36,345.28,170.13,1.87,383.64,1,Typhoid,Mumbai
5.26,69.76,393.42,15.3,5.56,517.23,1,Dysentery,Mumbai
5.73,95.94,327.6,415.01,2.91,175.22,1,Typhoid,Pune
4.91,99.24,348.82,402.48,4.17,111.84,1,Diarrhea,Pune
8.54,134.37,134.69,61.18,3.77,736.7,1,Diarrhea,Ahmedabad
6.92,95.86,386.22,292.66,8.76,288.74,1,Diarrhea,Lucknow
6.0,92.48,118.92,237.35,9.05,673.77,1,Diarrhea,Bangalore
6.31,10.93,383.0,68.17,4.93,799.55,0,Diarrhea,Ahmedabad
8.74,78.24,398.19,490.48,3.3,248.0,0,Hepatitis,Mumbai
4.77,23.38,299.1,115.2,1.07,285.62,1,Dysentery,Delhi
6.93,110.88,393.4,42.94,9.53,564.0,1,Typhoid,Kolkata
6.53,77.32,249.34,301.48,0.6,775.81,0,Dysentery,Jaipur
7.06,102.35,140.84,372.04,2.98,741.07,1,Typhoid,Ahmedabad
4.09,7.21,202.95,25.9,2.98,452.01,1,Typhoid,Jaipur
8.36,13.63,257.75,332.77,3.2,656.58,0,Diarrhea,Bangalore
8.66,107.73,75.58,270.82,1.64,195.02,1,Typhoid,Bangalore
6.83,11.74,267.82,60.6,7.83,784.21,1,Dysentery,Hyderabad
7.48,11.62,393.41,94.54,1.22,775.05,0,Hepatitis,Delhi
8.61,2.8,116.54,288.31,6.35,214.61,1,Typhoid,Jaipur
7.54,143.52,327.41,155.22,1.24,309.6,1,Dysentery,Chennai
4.76,110.89,367.76,469.77,0.71,170.11,1,Typhoid,Lucknow
6.88,53.63,380.3,411.18,9.09,290.2,1,Diarrhea,Kolkata
7.03,45.18,386.05,491.95,1.9,671.17,0,Hepatitis,Kolkata
6.12,53.11,232.51,137.24,8.21,364.82,1,Typhoid,Mumbai
7.68,116.42,392.06,485.16,5.45,161.88,1,Hepatitis,Ahmedabad
8.67,99.54,315.06,221.3,0.78,339.56,0,Dysentery,Ahmedabad
8.63,28.59,106.59,180.28,9.55,786.97,1,Cholera,Hyderabad
6.25,26.94,216.92,34.67,2.47,540.78,0,Typhoid,Bangalore
4.57,15.66,301.42,35.85,8.6,391.31,1,Cholera,Delhi
8.92,99.39,136.57,349.09,1.69,216.58,0,Cholera,Kolkata
8.19,114.89,274.22,234.39,8.54,790.32,1,Typhoid,Ahmedabad
4.62,40.49,283.31,121.0,0.13,674.59,1,Hepatitis,Chennai
8.6,4.12,106.94,310.85,5.12,297.03,1,Dysentery,Pune
8.35,13.24,247.78,133.9,7.69,149.05,1,Hepatitis,Pune
6.59,145.21,320.07,293.04,9.35,139.64,1,Hepatitis,Hyderabad
6.96,45.02,224.61,186.01,9.09,184.26,1,Dysentery,Chennai
6.0,115.61,54.24,413.54,8.2,506.54,1,Dysentery,Hyderabad
4.27,94.07,53.16,412.14,8.88,750.13,1,Dysentery,Chennai
5.68,57.91,174.96,243.9,1.99,447.72,1,Typhoid,Bangalore
8.01,31.65,374.17,181.9,2.84,690.06,0,Cholera,Bangalore
4.02,19.09,130.04,187.65,2.89,412.12,1,Cholera,Mumbai
5.67,92.64,272.03,404.8,3.77,596.01,1,Dysentery,Lucknow
5.99,116.42,127.73,170.81,3.93,612.31,1,Hepatitis,Hyderabad
6.69,96.94,162.58,112.44,5.45,221.77,1,Diarrhea,Pune
8.6,80.02,346.81,51.5,1.6,352.85,0,Hepatitis,Kolkata
5.73,7.25,305.1,238.68,6.91,546.11,1,Hepatitis,Delhi
5.73,145.3,83.39,246.24,1.68,149.49,1,Hepatitis,Lucknow
7.69,120.01,200.05,422.05,3.1,353.08,1,Typhoid,Ahmedabad
6.26,44.63,60.21,118.41,5.03,474.36,1,Typhoid,Chennai
5.12,147.02,218.31,196.69,7.96,797.36,1,Cholera,Jaipur
6.26,90.68,281.85,406.12,7.39,432.17,1,Cholera,Chennai
4.7,87.78,91.48,413.58,6.46,671.24,1,Diarrhea,Kolkata
4.88,112.46,151.11,198.46,1.56,402.45,1,Diarrhea,Pune
6.49,121.95,189.24,234.97,5.47,657.47,1,Diarrhea,Ahmedabad
6.09,98.82,371.84,158.61,0.87,516.79,0,Diarrhea,Kolkata
8.57,20.09,397.64,466.95,3.77,720.62,0,Dysentery,Kolkata
5.81,51.4,65.72,68.14,4.14,387.66,1,Hepatitis,Hyderabad
6.9,139.28,316.35,467.54,0.4,523.01,1,Cholera,Jaipur
7.16,34.47,180.1,345.09,2.74,541.01,0,Cholera,Bangalore
4.07,56.45,187.36,270.47,9.56,392.17,1,Typhoid,Delhi
7.32,65.38,313.99,26.0,9.54,201.02,1,Dysentery,Lucknow
4.89,66.47,371.45,243.04,3.52,165.49,1,Hepatitis,Pune
8.81,92.33,382.83,209.8,0.43,111.67,0,Cholera,Kolkata
4.74,141.52,251.99,89.0,1.79,711.47,1,Diarrhea,Bangalore
6.07,36.86,174.99,331.64,3.92,265.53,0,Hepatitis,Bangalore
4.43,19.1,325.64,485.86,9.48,248.05,1,Typhoid,Lucknow
8.98,30.42,137.85,285.47,1.41,615.22,0,Cholera,Kolkata
6.51,133.15,247.43,360.23,7.64,324.01,1,Typhoid,Kolkata
6.98,97.23,175.5,43.54,1.09,454.23,0,Dysentery,Chennai
4.34,43.6,279.82,214.66,9.81,213.76,1,Typhoid,Jaipur
7.75,122.58,134.14,67.02,3.82,771.82,1,Typhoid,Kolkata
5.05,129.34,117.06,310.27,7.75,696.11,1,Typhoid,Jaipur
8.49,127.13,371.38,469.86,3.43,704.65,1,Diarrhea,Ahmedabad
5.03,137.92,85.63,334.27,6.28,384.74,1,Cholera,Ahmedabad
4.95,38.58,227.09,47.63,1.92,633.65,1,Hepatitis,Pune
4.18,113.5,127.3,183.79,1.46,200.71,1,Typhoid,Hyderabad
6.36,69.62,63.63,279.83,9.38,106.03,1,Typhoid,Jaipur
6.82,126.46,62.61,207.57,9.18,113.98,1,Typhoid,Mumbai
4.33,109.55,111.33,418.49,8.87,510.62,1,Cholera,Lucknow
7.88,116.69,353.37,409.19,6.25,418.78,1,Dysentery,Chennai
6.27,98.77,148.87,309.8,8.08,462.61,1,Diarrhea,Hyderabad
6.62,27.44,382.66,192.99,0.69,105.22,0,Hepatitis,Ahmedabad
6.2,82.21,253.57,135.11,3.35,395.88,0,Hepatitis,Bangalore
6.0,147.72,202.81,61.88,3.14,602.65,1,Cholera,Mumbai
6.8,140.67,253.03,183.9,6.36,409.89,1,Cholera,Hyderabad
4.78,7.43,230.84,212.45,3.56,612.55,1,Cholera,Ahmedabad
4.91,25.56,315.57,341.15,1.49,263.11,1,Dysentery,Kolkata
8.31,20.63,148.87,332.5,5.96,669.2,1,Hepatitis,Kolkata
8.73,109.17,173.57,44.35,8.14,511.9,1,Diarrhea,Jaipur
5.87,122.85,362.93,203.68,3.82,247.53,1,Dysentery,Bangalore
5.35,32.81,381.26,99.07,1.32,265.7,1,Dysentery,Lucknow
7.22,76.37,362.4,86.84,1.97,539.62,0,Hepatitis,Chennai
6.04,126.26,196.81,415.38,2.37,680.96,1,Dysentery,Delhi
4.13,110.19,323.13,30.54,3.0,390.94,1,Cholera,Jaipur
4.78,81.79,216.72,215.4,6.43,280.81,1,Cholera,Pune
7.58,88.96,224.14,92.42,6.01,706.91,1,Typhoid,Bangalore
7.29,76.75,121.64,440.87,6.96,568.49,1,Dysentery,Kolkata
4.14,45.33,256.9,282.95,3.63,413.66,1,Typhoid,Ahmedabad
5.11,85.19,115.15,123.38,8.24,441.53,1,Diarrhea,Jaipur
5.16,103.64,166.05,256.19,2.04,242.98,1,Cholera,Kolkata
7.36,131.13,349.26,368.43,4.69,538.76,1,Diarrhea,Bangalore
4.1,95.81,122.48,479.48,8.01,351.12,1,Hepatitis,Jaipur
4.52,114.41,74.91,118.02,1.8,796.95,1,Cholera,Hyderabad
8.0,24.85,74.15,444.23,1.1,436.13,0,Hepatitis,Pune
4.89,69.77,379.27,467.81,8.84,440.12,1,Hepatitis,Delhi
7.26,2.39,227.42,459.05,3.43,496.1,0,Cholera,Pune
5.19,37.76,193.29,321.35,6.84,741.73,1,Hepatitis,Ahmedabad
4.5,109.24,333.81,318.61,0.25,660.57,1,Hepatitis,Bangalore
5.22,148.78,342.54,207.57,6.9,415.79,1,Cholera,Hyderabad
7.61,15.78,166.27,378.67,3.16,603.09,0,Typhoid,Bangalore
8.28,60.82,292.77,270.33,0.56,510.36,0,Cholera,Hyderabad
8.15,120.21,319.89,341.94,6.1,444.66,1,Hepatitis,Jaipur
5.99,31.4,279.13,219.94,2.41,234.62,1,Cholera,Bangalore
7.34,83.71,103.06,368.43,3.87,424.76,0,Cholera,Pune
5.02,110.23,356.56,413.99,0.81,272.07,1,Dysentery,Delhi
5.47,92.78,238.68,81.75,1.47,740.39,1,Dysentery,Chennai
8.48,29.02,148.87,418.14,2.98,334.78,0,Hepatitis,Ahmedabad
4.07,53.95,198.83,274.75,0.9,766.58,1,Diarrhea,Pune
4.43,117.78,63.15,423.89,9.11,473.14,1,Cholera,Jaipur
5.04,83.58,94.75,221.34,0.06,542.08,1,Typhoid,Jaipur
4.13,1.78,317.94,195.73,4.84,480.06,1,Dysentery,Hyderabad
4.91,114.39,50.0,458.38,1.23,190.57,1,Hepatitis,Pune
6.92,6.26,195.8,133.07,3.08,363.07,0,Dysentery,Delhi
6.11,112.11,232.88,423.66,9.26,169.4,1,Hepatitis,Chennai
8.46,31.17,69.12,247.17,1.62,536.07,0,Typhoid,Mumbai
8.09,143.75,390.58,261.91,9.66,412.81,1,Hepatitis,Chennai
5.71,55.82,129.14,161.15,2.06,644.59,1,Typhoid,Chennai
5.3,49.71,156.47,290.79,7.42,254.33,1,Hepatitis,Ahmedabad
5.9,23.18,156.38,169.35,5.47,215.2,1,Diarrhea,Pune
6.95,46.54,130.65,29.24,8.84,384.43,1,Typhoid,Pune
5.34,131.62,50.52,143.28,5.54,748.61,1,Cholera,Bangalore
7.12,149.45,305.27,13.13,5.35,597.3,1,Typhoid,Kolkata
6.05,55.88,388.4,489.39,1.95,393.25,0,Diarrhea,Jaipur
6.76,67.84,128.5,483.22,1.66,462.09,0,Typhoid,Lucknow
6.18,108.59,282.07,203.63,9.16,158.95,1,Dysentery,Pune
5.47,133.04,309.66,366.9,3.28,789.2,1,Diarrhea,Ahmedabad
8.74,89.36,346.95,179.44,3.72,566.49,0,Typhoid,Jaipur
7.82,59.34,197.92,338.84,7.6,299.78,1,Hepatitis,Pune
4.7,62.48,156.03,404.66,3.39,510.07,1,Typhoid,Pune
8.34,104.65,163.85,473.91,9.52,176.64,1,Cholera,Bangalore
6.44,1.48,299.42,206.1,7.38,776.09,1,Typhoid,Mumbai
8.47,93.32,335.87,393.82,5.97,222.35,1,Hepatitis,Ahmedabad
8.0,53.97,113.56,140.3,8.81,553.62,1,Cholera,Hyderabad
6.13,119.34,179.83,495.26,0.5,271.82,1,Dysentery,Hyderabad
4.11,14.86,365.68,22.63,2.57,602.29,1,Diarrhea,Kolkata
5.34,88.64,332.34,305.73,4.65,643.77,1,Cholera,Mumbai
6.71,72.66,394.7,333.16,2.27,571.39,0,Cholera,Pune
7.17,96.71,313.99,347.14,7.44,530.15,1,Cholera,Hyderabad
5.29,10.66,187.62,68.99,9.19,724.73,1,Typhoid,Chennai
4.7,87.42,256.72,469.88,4.24,155.04,1,Cholera,Hyderabad
8.17,84.66,281.35,98.78,3.42,331.64,0,Hepatitis,Ahmedabad
8.92,84.54,77.46,315.15,9.62,273.8,1,Cholera,Bangalore
6.63,90.92,240.57,119.11,4.45,791.61,0,Cholera,Lucknow
4.86,101.79,298.26,160.54,4.89,372.57,1,Cholera,Kolkata
5.36,120.94,108.56,277.76,3.52,612.83,1,Typhoid,Lucknow
4.09,41.2,323.22,214.42,9.1,579.31,1,Cholera,Delhi
8.57,123.93,254.32,88.51,5.69,248.46,1,Dysentery,Ahmedabad
4.59,75.24,383.28,93.76,7.62,267.3,1,Hepatitis,Chennai
6.88,12.48,64.85,214.89,8.12,296.9,1,Cholera,Chennai
5.37,9.72,142.86,381.07,3.42,387.79,1,Cholera,Chennai
6.77,50.8,260.54,450.0,4.34,264.03,0,Typhoid,Bangalore
7.26,117.95,153.8,51.22,8.48,113.76,1,Dysentery,Ahmedabad
8.15,106.44,300.05,202.62,3.63,715.58,1,Hepatitis,Lucknow
5.03,118.5,315.65,59.12,7.94,775.93,1,Typhoid,Lucknow
4.05,78.07,85.88,18.13,9.41,339.1,1,Cholera,Ahmedabad
4.68,66.59,229.85,334.24,6.23,336.95,1,Hepatitis,Ahmedabad
8.5,22.97,228.11,305.2,7.42,104.96,1,Typhoid,Delhi
8.37,49.9,179.25,89.88,8.05,576.18,1,Dysentery,Hyderabad
6.99,65.67,376.52,124.57,8.45,677.81,1,Dysentery,Hyderabad
7.0,14.2,339.63,21.62,3.95,202.63,0,Typhoid,Hyderabad
7.33,33.87,294.02,419.12,0.51,211.77,0,Typhoid,Bangalore
4.88,90.14,300.01,487.6,4.02,653.06,1,Dysentery,Kolkata
8.57,110.61,211.6,76.38,6.74,531.4,1,Hepatitis,Hyderabad
6.09,149.75,372.35,123.42,4.5,131.4,1,Dysentery,Bangalore
5.92,140.03,293.11,435.52,7.49,535.78,1,Dysentery,Jaipur
6.59,96.74,305.14,463.97,3.57,316.24,0,Cholera,Delhi
4.23,63.77,351.59,215.62,6.35,358.11,1,Diarrhea,Chennai
4.83,95.79,145.93,34.81,1.86,638.81,1,Typhoid,Mumbai
7.69,118.06,332.47,29.3,7.49,667.65,1,Hepatitis,Jaipur
4.41,18.63,118.33,291.24,5.46,380.25,1,Hepatitis,Kolkata
7.02,62.08,170.87,202.52,2.04,763.01,0,Typhoid,Bangalore
5.23,126.13,167.46,24.04,2.92,384.52,1,Typhoid,Hyderabad
5.95,58.19,392.48,295.79,7.49,640.29,1,Typhoid,Pune
5.44,86.21,349.79,15.54,4.83,438.71,1,Typhoid,Delhi
5.78,88.58,295.41,395.81,2.16,728.27,1,Cholera,Ahmedabad
7.6,28.49,304.47,160.15,9.67,735.43,1,Hepatitis,Bangalore
5.49,54.97,246.73,29.73,7.15,161.19,1,Cholera,Mumbai
6.83,50.84,381.48,298.29,9.57,755.55,1,Dysentery,Chennai
6.38,4.9,223.69,204.87,4.27,677.87,0,Dysentery,Lucknow
7.32,4.6,183.18,487.16,4.75,653.92,0,Typhoid,Jaipur
8.68,124.92,107.06,276.66,8.98,240.64,1,Dysentery,Lucknow
7.66,41.69,325.17,144.87,5.25,663.58,1,Typhoid,Hyderabad
5.07,78.19,307.06,357.63,7.07,695.09,1,Cholera,Chennai
4.16,45.51,184.52,143.03,2.52,302.41,1,Typhoid,Hyderabad
5.31,141.16,58.82,453.08,4.47,766.58,1,Dysentery,Delhi
6.98,39.64,343.65,193.61,1.23,134.9,0,Dysentery,Bangalore
4.26,65.02,54.0,279.44,2.06,204.94,1,Typhoid,Lucknow
6.48,131.04,296.29,34.78,0.01,476.31,1,Hepatitis,Kolkata
6.98,126.45,389.59,218.8,0.39,503.05,1,Typhoid,Delhi
5.67,28.73,203.18,417.86,9.77,551.61,1,Dysentery,Delhi
7.85,120.59,132.24,404.77,2.42,111.88,1,Cholera,Pune
4.53,69.27,296.7,119.92,6.63,772.26,1,Hepatitis,Delhi
4.38,72.96,335.99,120.78,8.39,131.21,1,Cholera,Lucknow
7.64,20.89,241.25,410.48,5.51,200.14,1,Hepatitis,Chennai
6.48,13.01,388.46,465.9,1.53,109.81,0,Hepatitis,Pune
7.44,109.46,68.08,56.73,7.28,496.8,1,Dysentery,Mumbai
6.17,74.97,226.68,230.53,6.0,752.59,1,Hepatitis,Delhi
5.23,66.09,301.46,175.35,7.31,566.16,1,Diarrhea,Bangalore
8.1,109.7,351.92,436.64,7.7,675.86,1,Cholera,Pune
8.0,115.06,112.74,50.93,9.75,109.3,1,Cholera,Lucknow
7.47,24.68,330.0,113.45,5.74,479.41,1,Typhoid,Kolkata
5.36,91.92,243.45,378.71,3.42,421.69,1,Hepatitis,Pune
6.95,21.17,188.79,35.13,6.48,449.28,1,Diarrhea,Delhi
5.8,112.95,96.1,251.34,0.68,150.55,1,Dysentery,Mumbai
4.46,98.89,352.85,226.63,8.97,579.1,1,Typhoid,Lucknow
8.59,143.54,105.05,173.86,1.19,452.25,1,Diarrhea,Pune
4.68,11.27,158.43,203.34,3.28,635.6,1,Hepatitis,Ahmedabad
8.75,9.5,151.52,269.67,8.16,439.7,1,Diarrhea,Delhi
6.23,43.05,354.99,89.07,5.97,204.57,1,Cholera,Jaipur
